entity	gpt2_replication_indices
Piramidi di Giza	192	72	126	103	198	23	144	196	164	32	41	5	130	157	142	39	128	160	116	138	96	85	181	
Robert De Niro	364	151	395	370	177	178	262	214	380	172	472	66	154	448	73	474	121	464	95	508	412	369	
Sud Africa	372	262	8	945	611	794	871	292	914	764	0	343	918	296	380	
Rio De Janeiro	17	700	458	390	259	724	71	606	887	613	968	814	108	539	667	786	432	354	260	
Hillary Clinton	303	517	298	380	131	181	9	272	286	218	227	447	214	432	482	377	160	201	47	343	515	17	362	358	538	317	
Muraglia Cinese	54	44	99	32	68	49	85	62	119	0	13	114	111	37	98	25	
Britney Spears	854	563	513	838	443	73	404	5	508	532	506	372	238	759	807	88	288	71	84	40	169	634	
Cascate del Niagara	194	154	153	187	171	67	73	23	192	125	147	58	61	83	198	156	5	136	82	196	
New York	531	651	866	454	493	79	84	703	788	718	64	78	858	872	774	541	330	726	17	
Sigmund Freud	393	583	603	541	150	66	728	573	213	113	355	
Israele	588	760	407	114	643	0	913	273	
Mar dei Caraibi	348	45	317	115	89	37	164	414	0	279	100	382	324	360	103	165	33	
J.K. Rowling	390	107	293	46	143	122	224	194	90	176	387	349	81	315	438	223	25	115	196	291	394	128	285	105	419	235	
Barack Obama	494	732	879	3	665	224	903	83	479	158	37	547	988	39	413	434	341	735	992	966	741	
Scarlett Johansson	41	16	129	11	181	163	93	115	140	124	127	43	116	152	107	88	
Freddie Mercury	145	219	270	377	90	363	428	262	434	122	184	98	462	272	225	322	
Canada	109	
Machu Picchu	1	
